flow,src,snd_app_id,snd_module,dst,recv_app_id,recv_module
f0,12,0,Nw_43.MX_12.app[0],15,0,Nw_43.MX_15.app[0]
f1,2,0,Nw_43.MX_2.app[0],5,0,Nw_43.MX_5.app[0]
f2,8,0,Nw_43.MX_8.app[0],11,6,Nw_43.MX_11.app[6]
f3,8,1,Nw_43.MX_8.app[1],15,1,Nw_43.MX_15.app[1]
f4,9,0,Nw_43.MX_9.app[0],12,6,Nw_43.MX_12.app[6]
f5,9,1,Nw_43.MX_9.app[1],15,2,Nw_43.MX_15.app[2]
f6,11,0,Nw_43.MX_11.app[0],15,3,Nw_43.MX_15.app[3]
f7,10,0,Nw_43.MX_10.app[0],15,4,Nw_43.MX_15.app[4]
f8,2,1,Nw_43.MX_2.app[1],11,7,Nw_43.MX_11.app[7]
f9,12,1,Nw_43.MX_12.app[1],15,5,Nw_43.MX_15.app[5]
f10,3,0,Nw_43.MX_3.app[0],15,6,Nw_43.MX_15.app[6]
f11,12,2,Nw_43.MX_12.app[2],15,7,Nw_43.MX_15.app[7]
f12,11,1,Nw_43.MX_11.app[1],15,8,Nw_43.MX_15.app[8]
f13,9,2,Nw_43.MX_9.app[2],12,7,Nw_43.MX_12.app[7]
f14,11,2,Nw_43.MX_11.app[2],15,9,Nw_43.MX_15.app[9]
f15,6,0,Nw_43.MX_6.app[0],15,10,Nw_43.MX_15.app[10]
f16,2,2,Nw_43.MX_2.app[2],5,1,Nw_43.MX_5.app[1]
f17,4,0,Nw_43.MX_4.app[0],9,4,Nw_43.MX_9.app[4]
f18,12,3,Nw_43.MX_12.app[3],14,1,Nw_43.MX_14.app[1]
f19,12,4,Nw_43.MX_12.app[4],15,11,Nw_43.MX_15.app[11]
f20,11,3,Nw_43.MX_11.app[3],15,12,Nw_43.MX_15.app[12]
f21,12,5,Nw_43.MX_12.app[5],14,2,Nw_43.MX_14.app[2]
f22,8,2,Nw_43.MX_8.app[2],10,2,Nw_43.MX_10.app[2]
f23,10,1,Nw_43.MX_10.app[1],15,13,Nw_43.MX_15.app[13]
f24,9,3,Nw_43.MX_9.app[3],15,14,Nw_43.MX_15.app[14]
f25,4,1,Nw_43.MX_4.app[1],15,15,Nw_43.MX_15.app[15]
f26,6,1,Nw_43.MX_6.app[1],8,3,Nw_43.MX_8.app[3]
f27,14,0,Nw_43.MX_14.app[0],15,16,Nw_43.MX_15.app[16]
f28,11,4,Nw_43.MX_11.app[4],15,17,Nw_43.MX_15.app[17]
f29,11,5,Nw_43.MX_11.app[5],15,18,Nw_43.MX_15.app[18]
f30,13,0,Nw_43.MX_13.app[0],15,19,Nw_43.MX_15.app[19]
